DOI	year	code
10.1145/3020165.3020168	2017	completed
10.1145/3020165.3020168	2017	design;method;log analysis
10.1145/3020165.3020168	2017	design;re-use
10.1145/3020165.3020168	2017	design;type;descriptive
10.1145/3020165.3020168	2017	maria
10.1145/3020165.3020168	2017	domain;digital library
10.1145/3020165.3020168	2017	domain;social sciences
10.1145/2854946.2854970	2016	completed
10.1145/2854946.2854970	2016	design;method;log analysis
10.1145/2854946.2854970	2016	design;type;descriptive
10.1145/2854946.2854970	2016	domain;books
10.1145/2854946.2854970	2016	maria
10.1145/2854946.2854976	2016	design;method;controlled experiment
10.1145/2854946.2854976	2016	design;participants;number
10.1145/2854946.2854976	2016	design;participants;demographics;age
10.1145/2854946.2854976	2016	design;participants;demographics;gender
10.1145/2854946.2854976	2016	completed
10.1145/2854946.2854976	2016	design;method;questionnaire
10.1145/2854946.2854976	2016	data;re-use
10.1145/2854946.2854976	2016	design;type;explanatory
10.1145/2854946.2854976	2016	infrastructure;re-use
10.1145/2854946.2854976	2016	design;method;user study
10.1145/2854946.2854976	2016	mark
10.1145/2854946.2854971	2016	completed
10.1145/2854946.2854971	2016	data;re-use
10.1145/2854946.2854971	2016	design;type;descriptive
10.1145/2854946.2854971	2016	design;method;user study
10.1145/2854946.2854971	2016	mark
10.1145/2854946.2854971	2016	design;type;system
10.1145/3498366.3505834	2022	completed
10.1145/3498366.3505834	2022	data;re-use
10.1145/3498366.3505834	2022	design;procedure;brief
10.1145/3498366.3505834	2022	domain;news
10.1145/3498366.3505834	2022	domain;wikipedia
10.1145/3498366.3505834	2022	infrastructure;share
10.1145/3498366.3505834	2022	mark
10.1145/3498366.3505781	2022	design;participants;number
10.1145/3498366.3505781	2022	design;participants;recruitment
10.1145/3498366.3505781	2022	design;participants;demographics;age
10.1145/3498366.3505781	2022	completed
10.1145/3498366.3505781	2022	design;method;interview
10.1145/3498366.3505781	2022	design;method;questionnaire
10.1145/3498366.3505781	2022	design;rqs
10.1145/3498366.3505781	2022	design;participants;demographics;ethnicity
10.1145/3498366.3505781	2022	design;participants;demographics;education
10.1145/3498366.3505781	2022	mark
10.1145/3498366.3505755	2022	design;method;controlled experiment
10.1145/3498366.3505755	2022	design;procedure
10.1145/3498366.3505755	2022	design;participants;constraints
10.1145/3498366.3505755	2022	design;participants;number
10.1145/3498366.3505755	2022	design;participants;recruitment
10.1145/3498366.3505755	2022	design;participants;demographics;nationality;partial
10.1145/3498366.3505755	2022	design;participants;demographics;age
10.1145/3498366.3505755	2022	design;participants;demographics;gender
10.1145/3498366.3505755	2022	completed
10.1145/3498366.3505755	2022	design;method;questionnaire
10.1145/3498366.3505755	2022	data;re-use
10.1145/3498366.3505755	2022	domain;crime
10.1145/3498366.3505755	2022	design;type;explanatory
10.1145/3498366.3505755	2022	domain;music
10.1145/3498366.3505755	2022	mark
10.1145/3498366.3505755	2022	infrastructure;software;Prolific
10.1145/3498366.3505825	2022	design;method;controlled experiment
10.1145/3498366.3505825	2022	completed
10.1145/3498366.3505825	2022	design;method;questionnaire
10.1145/3498366.3505825	2022	data;re-use
10.1145/3498366.3505825	2022	design;type;explanatory
10.1145/3498366.3505825	2022	toine
10.1145/3498366.3505825	2022	domain;health
10.1145/3498366.3505825	2022	design;re-use
10.1145/3498366.3505825	2022	design;method;eye-tracking
10.1145/3498366.3505825	2022	infrastructure;Qualtrics
10.1145/3498366.3505825	2022	infrastructure
10.1145/3498366.3505825	2022	infrastructure;iMotions
10.1145/3498366.3505825	2022	design;participants;34
10.1145/3498366.3505766	2022	design;method;controlled experiment
10.1145/3498366.3505766	2022	completed
10.1145/3498366.3505766	2022	design;method;questionnaire
10.1145/3498366.3505766	2022	data;re-use
10.1145/3498366.3505766	2022	design;type;explanatory
10.1145/3498366.3505766	2022	toine
10.1145/3498366.3505766	2022	domain;health
10.1145/3498366.3505766	2022	design;re-use
10.1145/3406522.3446043	2021	design;method;controlled experiment
10.1145/3406522.3446043	2021	completed
10.1145/3406522.3446043	2021	design;method;log analysis
10.1145/3406522.3446043	2021	design;type;descriptive
10.1145/3406522.3446043	2021	Vivien
10.1145/3406522.3446043	2021	data;data publication
10.1145/3406522.3446043	2021	data;share,new dataset
10.1145/3406522.3446043	2021	design;type;unknown
10.1145/3406522.3446043	2021	domain;e-commerce
10.1145/3406522.3446043	2021	design;participants;crowdsourcing
10.1145/3406522.3446043	2021	data;dataset;3540 product queries
10.1145/3406522.3446043	2021	design;participants;1818
10.1145/3406522.3446043	2021	awesome data publication!
10.1145/3406522.3446043	2021	data;share;https://git.gesis.org/papenmaa/chiir21_naturallanguagequeries
10.1145/3406522.3446043	2021	desgin;share;questionnaire
10.1145/3406522.3446043	2021	design;share;measures
10.1145/3406522.3446043	2021	design;share;tasks
10.1145/3406522.3446043	2021	infrastructure;Doccano
10.1145/3406522.3446020	2021	design;method;controlled experiment
10.1145/3406522.3446020	2021	completed
10.1145/3406522.3446020	2021	design;method;questionnaire
10.1145/3406522.3446020	2021	design;type;exploratory
10.1145/3406522.3446020	2021	design;method;user study
10.1145/3406522.3446020	2021	Vivien
10.1145/3406522.3446020	2021	domain;literature
10.1145/3406522.3446020	2021	design;task
10.1145/3406522.3446020	2021	design;type;design
10.1145/3406522.3446020	2021	data;re-use;ArXiv
10.1145/3406522.3446020	2021	design;participants;19
10.1145/3406522.3446020	2021	design;re-use;SUS questionnaire
10.1145/3406522.3446020	2021	design;re-use;ResQue questionnaire
10.1145/3343413.3377972	2020	completed
10.1145/3343413.3377972	2020	design;method;interview
10.1145/3343413.3377972	2020	design;method;log analysis
10.1145/3343413.3377972	2020	design;type;exploratory
10.1145/3343413.3377972	2020	Vivien
10.1145/3343413.3377972	2020	design;type;theoretical
10.1145/3343413.3377972	2020	design;method;observation
10.1145/3343413.3377972	2020	domain;learning
10.1145/3343413.3377972	2020	domain;disabilities
10.1145/3343413.3377972	2020	design;participants;8
10.1145/3343413.3377972	2020	domain;videos
10.1145/3343413.3377972	2020	infrastructure;prototype;app
10.1145/3343413.3377989	2020	design;method;controlled experiment
10.1145/3343413.3377989	2020	design;participants;demographics;age
10.1145/3343413.3377989	2020	completed
10.1145/3343413.3377989	2020	design;method;questionnaire
10.1145/3343413.3377989	2020	design;type;explanatory
10.1145/3343413.3377989	2020	maria
10.1145/3343413.3377989	2020	design;task
10.1145/3343413.3377989	2020	domain;digital library
10.1145/3343413.3377989	2020	design;participants;domain experts
10.1145/3343413.3377989	2020	design;participants;non-experts
10.1145/3343413.3377989	2020	domain;history
10.1145/3498366.3505836	2022	design;method;controlled experiment
10.1145/3498366.3505836	2022	completed
10.1145/3498366.3505836	2022	design;method;log analysis
10.1145/3498366.3505836	2022	design;type;exploratory
10.1145/3498366.3505836	2022	Vivien
10.1145/3498366.3505836	2022	data;data publication
10.1145/3498366.3505836	2022	data;share;https://data.webis.de/#webis-exhibition-questions-21
10.1145/3498366.3505836	2022	data;share;new dataset
10.1145/3498366.3505836	2022	design;method;849 questions
10.1145/3498366.3505836	2022	design;participants;63
10.1145/3498366.3505836	2022	design;participants;crowdsourcing
10.1145/3498366.3505836	2022	domain;museum
10.1145/3498366.3505833	2022	completed
10.1145/3498366.3505833	2022	design;method;questionnaire
10.1145/3498366.3505833	2022	data;re-use
10.1145/3498366.3505833	2022	toine
10.1145/3498366.3505833	2022	data;share
10.1145/3498366.3505833	2022	design;type;descriptive
10.1145/3498366.3505833	2022	domain;books
10.1145/3498366.3505833	2022	resource paper
10.1145/3498366.3505835	2022	design;method;controlled experiment
10.1145/3498366.3505835	2022	completed
10.1145/3498366.3505835	2022	design;method;questionnaire
10.1145/3498366.3505835	2022	design;method;log analysis
10.1145/3498366.3505835	2022	design;method;eye-tracking
10.1145/3498366.3505835	2022	domain;education
10.1145/3498366.3505835	2022	Vivien
10.1145/3498366.3505835	2022	data;data publication
10.1145/3498366.3505835	2022	data;share,new dataset
10.1145/3498366.3505835	2022	data;share;https://doi.org/10.25835/0062363
10.1145/3498366.3505835	2022	data;share;SaL-Lightning dataset
10.1145/3498366.3505835	2022	domain;search-as-learning
10.1145/3498366.3505835	2022	design;participants;number;144
10.1145/3498366.3505837	2022	completed
10.1145/3498366.3505837	2022	design;method;questionnaire
10.1145/3498366.3505837	2022	design;method;user study
10.1145/3498366.3505837	2022	Vivien
10.1145/3498366.3505837	2022	domain;domain-agnostic
10.1145/3498366.3505837	2022	domain;life-logging
10.1145/3498366.3505837	2022	infrastructure;app;LifeRec
10.1145/3498366.3505837	2022	design;participants;7
10.1145/3498366.3505837	2022	infrastructure;share;https://github.com/JiayuLi-997/LifeRec
10.1145/3498366.3505837	2022	design;type;design
10.1145/3498366.3505791	2022	completed
10.1145/3498366.3505791	2022	toine
10.1145/3498366.3505791	2022	design;method;log analysis
10.1145/3498366.3505791	2022	design;re-use
10.1145/3498366.3505791	2022	domain;music
10.1145/3498366.3505791	2022	data;share
10.1145/3498366.3505791	2022	infrastructure;re-use
10.1145/3498366.3505791	2022	infrastructure;share
10.1145/3498366.3505791	2022	infrastructure
10.1145/3498366.3505791	2022	infrastructure;Last.fm
10.1145/3498366.3505791	2022	resource paper
10.1145/3498366.3505829	2022	completed
10.1145/3498366.3505829	2022	design;method;interview
10.1145/3498366.3505829	2022	design;method;diary study
10.1145/3498366.3505829	2022	design;type;exploratory
10.1145/3498366.3505829	2022	Vivien
10.1145/3498366.3505829	2022	domain;cross-session search
10.1145/3498366.3505829	2022	domain;domain-agnostic
10.1145/3498366.3505829	2022	design;participants;number;15
10.1145/3498366.3505783	2022	design;method;controlled experiment
10.1145/3498366.3505783	2022	completed
10.1145/3498366.3505783	2022	design;method;interview
10.1145/3498366.3505783	2022	design;type;exploratory
10.1145/3498366.3505783	2022	domain;creativity
10.1145/3498366.3505783	2022	Vivien
10.1145/3498366.3505783	2022	infrastructure;Qualtrics
10.1145/3498366.3505783	2022	design;task
10.1145/3498366.3505783	2022	design;participants;15
10.1145/3498366.3505786	2022	design;method;controlled experiment
10.1145/3498366.3505786	2022	completed
10.1145/3498366.3505786	2022	design;method;questionnaire
10.1145/3498366.3505786	2022	data;re-use
10.1145/3498366.3505786	2022	design;type;explanatory
10.1145/3498366.3505786	2022	toine
10.1145/3498366.3505786	2022	domain;health
10.1145/3498366.3505786	2022	design;method;log analysis
10.1145/3498366.3505786	2022	design;re-use
10.1145/3498366.3505786	2022	design;method;eye-tracking
10.1145/3498366.3505786	2022	data;share
10.1145/3498366.3505786	2022	infrastructure
10.1145/3498366.3505845	2022	design;method;controlled experiment
10.1145/3498366.3505845	2022	completed
10.1145/3498366.3505845	2022	design;method;questionnaire
10.1145/3498366.3505845	2022	data;re-use
10.1145/3498366.3505845	2022	design;type;explanatory
10.1145/3498366.3505845	2022	toine
10.1145/3498366.3505845	2022	domain;children
10.1145/3498366.3505845	2022	design;method;log analysis
10.1145/3498366.3505845	2022	design;re-use
10.1145/3498366.3505828	2022	completed
10.1145/3498366.3505828	2022	design;method;questionnaire
10.1145/3498366.3505828	2022	design;type;exploratory
10.1145/3498366.3505828	2022	Vivien
10.1145/3498366.3505828	2022	design;type;unknown
10.1145/3498366.3505828	2022	domain;e-commerce
10.1145/3498366.3505828	2022	voice-based product recommendation
10.1145/3498366.3505782	2022	completed
10.1145/3498366.3505782	2022	design;method;interview
10.1145/3498366.3505782	2022	toine
10.1145/3498366.3505782	2022	design;method;diary study
10.1145/3498366.3505782	2022	design;type;exploratory
10.1145/3498366.3505782	2022	domain;tourism
10.1145/3498366.3505782	2022	infrastructure:WeChat
10.1145/3498366.3505789	2022	completed
10.1145/3498366.3505789	2022	data;re-use
10.1145/3498366.3505789	2022	design;re-use
10.1145/3498366.3505789	2022	mark
10.1145/3498366.3505789	2022	data;share;planned
10.1145/3498366.3505789	2022	design;methods;user study
10.1145/3498366.3505789	2022	design;type;unknown
10.1145/3498366.3505827	2022	completed
10.1145/3498366.3505827	2022	design;method;interview
10.1145/3498366.3505827	2022	toine
10.1145/3498366.3505827	2022	domain;health
10.1145/3498366.3505827	2022	design;re-use
10.1145/3498366.3505827	2022	design;method;content analysis
10.1145/3498366.3505827	2022	design;type;exploratory
10.1145/3498366.3505827	2022	domain;AR/VR
10.1145/3498366.3505827	2022	infrastructure
10.1145/3498366.3505778	2022	completed
10.1145/3498366.3505778	2022	design;method;interview
10.1145/3498366.3505778	2022	data;re-use
10.1145/3498366.3505778	2022	toine
10.1145/3498366.3505778	2022	design;re-use
10.1145/3498366.3505778	2022	design;method;focus group
10.1145/3498366.3505778	2022	domain;music
10.1145/3498366.3505778	2022	design;method;content analysis
10.1145/3498366.3505778	2022	design;type;descriptive
10.1145/3498366.3505831	2022	design;method;controlled experiment
10.1145/3498366.3505831	2022	completed
10.1145/3498366.3505831	2022	design;method;interview
10.1145/3498366.3505831	2022	design;method;questionnaire
10.1145/3498366.3505831	2022	design;type;explanatory
10.1145/3498366.3505831	2022	toine
10.1145/3498366.3505831	2022	design;method;log analysis
10.1145/3498366.3505831	2022	design;re-use
10.1145/3498366.3505831	2022	design;method;eye-tracking
10.1145/3498366.3505831	2022	infrastructure
10.1145/3498366.3505831	2022	design;participants;18, 48
10.1145/3498366.3505831	2022	infrastructure;software;Bing Web Search API
10.1145/3498366.3505830	2022	design;method;controlled experiment
10.1145/3498366.3505830	2022	completed
10.1145/3498366.3505830	2022	design;method;questionnaire
10.1145/3498366.3505830	2022	design;type;explanatory
10.1145/3498366.3505830	2022	toine
10.1145/3498366.3505830	2022	domain;health
10.1145/3498366.3505830	2022	design;re-use
10.1145/3498366.3505830	2022	design;method;woz
10.1145/3498366.3505830	2022	infrastructure
10.1145/3498366.3505832	2022	design;method;controlled experiment
10.1145/3498366.3505832	2022	completed
10.1145/3498366.3505832	2022	design;method;questionnaire
10.1145/3498366.3505832	2022	data;re-use
10.1145/3498366.3505832	2022	domain;wikipedia
10.1145/3498366.3505832	2022	design;type;explanatory
10.1145/3498366.3505832	2022	toine
10.1145/3498366.3505832	2022	design;re-use
10.1145/3498366.3505832	2022	infrastructure;re-use
10.1145/3498366.3505832	2022	design;method;user study
10.1145/3498366.3505832	2022	domain;WWW
10.1145/3498366.3505823	2022	completed
10.1145/3498366.3505823	2022	design;method;content analysis
10.1145/3498366.3505823	2022	design;type;exploratory
10.1145/3498366.3505823	2022	domain;misinformation
10.1145/3498366.3505823	2022	Vivien
10.1145/3498366.3505823	2022	design;method;statistical tests
10.1145/3498366.3505823	2022	design;method;90 forum posts 847 replies
10.1145/3498366.3505822	2022	completed
10.1145/3498366.3505822	2022	design;method;interview
10.1145/3498366.3505822	2022	data;re-use
10.1145/3498366.3505822	2022	toine
10.1145/3498366.3505822	2022	design;method;content analysis
10.1145/3498366.3505822	2022	design;method;diary study
10.1145/3498366.3505822	2022	design;type;exploratory
10.1145/3498366.3505822	2022	domain;misinformation
10.1145/3498366.3505822	2022	infrastructure
10.1145/3498366.3505822	2022	infrastructure;Zoom
10.1145/3498366.3505816	2022	completed
10.1145/3498366.3505816	2022	Vivien
10.1145/3498366.3505816	2022	design;type;theoretical
10.1145/3498366.3505816	2022	perspective paper
10.1145/3498366.3505771	2022	completed
10.1145/3498366.3505771	2022	design;method;questionnaire
10.1145/3498366.3505771	2022	data;re-use
10.1145/3498366.3505771	2022	design;type;explanatory
10.1145/3498366.3505771	2022	toine
10.1145/3498366.3505771	2022	design;re-use
10.1145/3498366.3505771	2022	design;method;eye-tracking
10.1145/3498366.3505771	2022	infrastructure;re-use
10.1145/3498366.3505771	2022	design;method;user study
10.1145/3498366.3505771	2022	domain;WWW
10.1145/3498366.3505771	2022	infrastructure
10.1145/3498366.3505761	2022	design;method;controlled experiment
10.1145/3498366.3505761	2022	completed
10.1145/3498366.3505761	2022	design;method;questionnaire
10.1145/3498366.3505761	2022	domain;libraries
10.1145/3498366.3505761	2022	design;type;explanatory
10.1145/3498366.3505761	2022	toine
10.1145/3498366.3505761	2022	design;re-use
10.1145/3498366.3505761	2022	infrastructure;Qualtrics
10.1145/3498366.3505761	2022	infrastructure
10.1145/3498366.3505819	2022	completed
10.1145/3498366.3505819	2022	domain;education
10.1145/3498366.3505819	2022	Vivien
10.1145/3498366.3505819	2022	design;type;theoretical
10.1145/3498366.3505817	2022	completed
10.1145/3498366.3505817	2022	design;method;interview
10.1145/3498366.3505817	2022	design;method;questionnaire
10.1145/3498366.3505817	2022	toine
10.1145/3498366.3505817	2022	design;method;log analysis
10.1145/3498366.3505817	2022	design;re-use
10.1145/3498366.3505817	2022	design;share
10.1145/3498366.3505817	2022	design;method;diary study
10.1145/3498366.3505817	2022	design;type;exploratory
10.1145/3498366.3505817	2022	domain;creativity
10.1145/3498366.3505810	2022	completed
10.1145/3498366.3505810	2022	design;method;questionnaire
10.1145/3498366.3505810	2022	design;type;descriptive
10.1145/3498366.3505810	2022	Vivien
10.1145/3498366.3505810	2022	accessibility difficult
10.1145/3498366.3505810	2022	domain;government;NSA
10.1145/3498366.3505810	2022	infrastructure;own system
10.1145/3498366.3505810	2022	design;participants;number;22
10.1145/3498366.3505821	2022	completed
10.1145/3498366.3505821	2022	data;re-use
10.1145/3498366.3505821	2022	toine
10.1145/3498366.3505821	2022	design;method;log analysis
10.1145/3498366.3505821	2022	design;re-use
10.1145/3498366.3505821	2022	design;type;descriptive
10.1145/3498366.3505821	2022	infrastructure;re-use
10.1145/3498366.3505821	2022	domain;data
10.1145/3498366.3505821	2022	infrastructure
10.1145/3498366.3505818	2022	completed
10.1145/3498366.3505818	2022	design;method;questionnaire
10.1145/3498366.3505818	2022	design;type;descriptive
10.1145/3498366.3505818	2022	Vivien
10.1145/3498366.3505818	2022	design;method;factor analysis
10.1145/3498366.3505818	2022	design;method;statistical tests
10.1145/3498366.3505818	2022	domain;literature
10.1145/3498366.3505818	2022	infrastructure;Qualtrics
10.1145/3498366.3505818	2022	design;participants;number;368
10.1145/3498366.3505812	2022	design;method;controlled experiment
10.1145/3498366.3505812	2022	completed
10.1145/3498366.3505812	2022	data;share
10.1145/3498366.3505812	2022	design;type;descriptive
10.1145/3498366.3505812	2022	design;share
10.1145/3498366.3505812	2022	design;type;exploratory
10.1145/3498366.3505812	2022	Vivien
10.1145/3498366.3505812	2022	design;task
10.1145/3498366.3505812	2022	design;participants;crowdsourcing
10.1145/3498366.3505812	2022	data;169 tweets
10.1145/3498366.3505812	2022	data;reuse;SemEval 2016 Stance Detection data set
10.1145/3498366.3505812	2022	data;share;https://osf.io/pjws9/
10.1145/3498366.3505812	2022	design;preregistration;https://osf.io/cn8qa/
10.1145/3498366.3505812	2022	design;share;https://osf.io/pjws9/
10.1145/3498366.3505812	2022	good data sharing
10.1145/3498366.3505813	2022	design;method;controlled experiment
10.1145/3498366.3505813	2022	completed
10.1145/3498366.3505813	2022	design;method;questionnaire
10.1145/3498366.3505813	2022	data;re-use
10.1145/3498366.3505813	2022	design;type;explanatory
10.1145/3498366.3505813	2022	toine
10.1145/3498366.3505813	2022	design;method;log analysis
10.1145/3498366.3505813	2022	design;re-use
10.1145/3498366.3505813	2022	design;method;content analysis
10.1145/3498366.3505813	2022	design;type;descriptive
10.1145/3498366.3505813	2022	domain;privacy
10.1145/3498366.3505813	2022	design;share
10.1145/3498366.3505814	2022	completed
10.1145/3498366.3505814	2022	design;method;questionnaire
10.1145/3498366.3505814	2022	data;re-use
10.1145/3498366.3505814	2022	domain;wikipedia
10.1145/3498366.3505814	2022	toine
10.1145/3498366.3505814	2022	design;method;log analysis
10.1145/3498366.3505814	2022	design;re-use
10.1145/3498366.3505814	2022	design;method;content analysis
10.1145/3498366.3505814	2022	design;type;descriptive
10.1145/3498366.3505814	2022	infrastructure;re-use
10.1145/3498366.3505814	2022	domain;education
10.1145/3498366.3505814	2022	infrastructure;share
10.1145/3498366.3505814	2022	design;method;user study
10.1145/3498366.3505814	2022	infrastructure
10.1145/3498366.3505769	2022	design;method;controlled experiment
10.1145/3498366.3505769	2022	completed
10.1145/3498366.3505769	2022	design;method;questionnaire
10.1145/3498366.3505769	2022	design;type;explanatory
10.1145/3498366.3505769	2022	toine
10.1145/3498366.3505769	2022	domain;health
10.1145/3498366.3505769	2022	design;method;log analysis
10.1145/3498366.3505769	2022	design;re-use
10.1145/3498366.3505769	2022	design;method;eye-tracking
10.1145/3498366.3505769	2022	infrastructure;re-use
10.1145/3498366.3505769	2022	infrastructure
10.1145/3498366.3505824	2022	design;method;controlled experiment
10.1145/3498366.3505824	2022	completed
10.1145/3498366.3505824	2022	design;method;questionnaire
10.1145/3498366.3505824	2022	data;re-use
10.1145/3498366.3505824	2022	design;type;explanatory
10.1145/3498366.3505824	2022	toine
10.1145/3498366.3505824	2022	infrastructure;re-use
10.1145/3498366.3505824	2022	domain:government
10.1145/3498366.3505820	2022	completed
10.1145/3498366.3505820	2022	design;method;interview
10.1145/3498366.3505820	2022	design;method;content analysis
10.1145/3498366.3505820	2022	design;type;descriptive
10.1145/3498366.3505820	2022	domain;older people
10.1145/3498366.3505820	2022	Vivien
10.1145/3498366.3505809	2022	design;participants;demographics;age
10.1145/3498366.3505809	2022	design;participants;demographics;gender
10.1145/3498366.3505809	2022	completed
10.1145/3498366.3505809	2022	design;type;exploratory
10.1145/3498366.3505809	2022	design;method;user study
10.1145/3498366.3505809	2022	mark
10.1145/3498366.3505809	2022	design;participants;background
10.1145/3498366.3505809	2022	design;task
10.1145/3498366.3505815	2022	completed
10.1145/3498366.3505815	2022	design;method;log analysis
10.1145/3498366.3505815	2022	design;type;descriptive
10.1145/3498366.3505815	2022	domain;WWW
10.1145/3498366.3505815	2022	Vivien
10.1145/3498366.3505815	2022	domain;crowdsourcing
10.1145/3498366.3505756	2022	completed
10.1145/3498366.3505756	2022	design;method;interview
10.1145/3498366.3505756	2022	data;re-use
10.1145/3498366.3505756	2022	toine
10.1145/3498366.3505756	2022	design;method;content analysis
10.1145/3498366.3505756	2022	design;type;exploratory
10.1145/3498366.3505756	2022	design;participants;44
10.1145/3498366.3505756	2022	infrastructure;Zoom
10.1145/3498366.3505756	2022	infrastructure;NVivo
10.1145/3498366.3505770	2022	completed
10.1145/3498366.3505770	2022	design;method;questionnaire
10.1145/3498366.3505770	2022	data;re-use
10.1145/3498366.3505770	2022	design;type;explanatory
10.1145/3498366.3505770	2022	toine
10.1145/3498366.3505770	2022	design;method;user study
10.1145/3498366.3505770	2022	domain;WWW
10.1145/3498366.3505770	2022	infrastructure
10.1145/3406522.3446055	2021	completed
10.1145/3406522.3446055	2021	Vivien
10.1145/3406522.3446055	2021	domain;digital library
10.1145/3406522.3446055	2021	design;type;design
10.1145/3406522.3446055	2021	design;type;resource paper
10.1145/3406522.3446055	2021	infrastructure;share;video of demo
10.1145/3406522.3446054	2021	completed
10.1145/3406522.3446054	2021	Vivien
10.1145/3406522.3446054	2021	design;type;resource paper
10.1145/3406522.3446054	2021	data;re-use;CC-News-En
10.1145/3406522.3446054	2021	infrastructure;share;https://rodgerbenham.github.io/ccnews-explorer;
10.1145/3406522.3446046	2021	completed
10.1145/3406522.3446046	2021	design;method;questionnaire
10.1145/3406522.3446046	2021	design;method;log analysis
10.1145/3406522.3446046	2021	domain;education
10.1145/3406522.3446046	2021	design;type;exploratory
10.1145/3406522.3446046	2021	domain;creativity
10.1145/3406522.3446046	2021	Vivien
10.1145/3406522.3446046	2021	design;task
10.1145/3406522.3446046	2021	design;participants;34
10.1145/3406522.3446046	2021	design;share;task https://tinyurl.com/SearchTasks
10.1145/3406522.3446045	2021	completed
10.1145/3406522.3446045	2021	design;method;log analysis
10.1145/3406522.3446045	2021	design;method;content analysis
10.1145/3406522.3446045	2021	design;type;exploratory
10.1145/3406522.3446045	2021	Vivien
10.1145/3406522.3446045	2021	domain;domain-agnostic
10.1145/3406522.3446045	2021	infrastructure;Wunderlist
10.1145/3406522.3446044	2021	completed
10.1145/3406522.3446044	2021	design;method;questionnaire
10.1145/3406522.3446044	2021	design;type;exploratory
10.1145/3406522.3446044	2021	Vivien
10.1145/3406522.3446044	2021	design;participants;crowdsourcing
10.1145/3406522.3446044	2021	design;re-use;Anderson and Krathwohl’s learning objectives
10.1145/3406522.3446044	2021	data;110 responses
10.1145/3406522.3446058	2021	design;method;controlled experiment
10.1145/3406522.3446058	2021	completed
10.1145/3406522.3446058	2021	design;method;questionnaire
10.1145/3406522.3446058	2021	toine
10.1145/3406522.3446058	2021	domain;children
10.1145/3406522.3446058	2021	design;method;log analysis
10.1145/3406522.3446058	2021	design;re-use
10.1145/3406522.3446058	2021	infrastructure;Skype
10.1145/3406522.3446058	2021	infrastructure;software;Bing Web Search API
10.1145/3406522.3446041	2021	completed
10.1145/3406522.3446041	2021	data;re-use
10.1145/3406522.3446041	2021	toine
10.1145/3406522.3446041	2021	design;re-use
10.1145/3406522.3446041	2021	design;method;eye-tracking
10.1145/3406522.3446041	2021	design;type;descriptive
10.1145/3406522.3446041	2021	infrastructure;re-use
10.1145/3406522.3446041	2021	infrastructure;share
10.1145/3406522.3446041	2021	design;method;user study
10.1145/3406522.3446041	2021	domain;WWW
10.1145/3406522.3446041	2021	design;method;data visualization
10.1145/3406522.3446041	2021	infrastructure;ggplot2
10.1145/3406522.3446040	2021	completed
10.1145/3406522.3446040	2021	toine
10.1145/3406522.3446040	2021	design;re-use
10.1145/3406522.3446040	2021	design;method;content analysis
10.1145/3406522.3446040	2021	design;type;exploratory
10.1145/3406522.3446040	2021	domain;WWW
10.1145/3406522.3446040	2021	design;method;crawling
10.1145/3406522.3446040	2021	domain;LGBTQ+
10.1145/3406522.3446039	2021	design;method;controlled experiment
10.1145/3406522.3446039	2021	completed
10.1145/3406522.3446039	2021	design;method;interview
10.1145/3406522.3446039	2021	design;type;exploratory
10.1145/3406522.3446039	2021	Vivien
10.1145/3406522.3446039	2021	design;method;observation
10.1145/3406522.3446039	2021	design;task
10.1145/3406522.3446039	2021	design;participants;10
10.1145/3406522.3446039	2021	domain;disabilities
10.1145/3406522.3446038	2021	design;method;controlled experiment
10.1145/3406522.3446038	2021	design;participants;number
10.1145/3406522.3446038	2021	design;participants;demographics;gender
10.1145/3406522.3446038	2021	completed
10.1145/3406522.3446038	2021	design;type;explanatory
10.1145/3406522.3446038	2021	design;method;user study
10.1145/3406522.3446038	2021	maria
10.1145/3406522.3446038	2021	design;task
10.1145/3406522.3446038	2021	domain;mobile search
10.1145/3406522.3446038	2021	design;re-use;task
10.1145/3406522.3446038	2021	domain;www
10.1145/3406522.3446037	2021	design;method;controlled experiment
10.1145/3406522.3446037	2021	completed
10.1145/3406522.3446037	2021	design;method;questionnaire
10.1145/3406522.3446037	2021	domain;libraries
10.1145/3406522.3446037	2021	design;type;explanatory
10.1145/3406522.3446037	2021	toine
10.1145/3406522.3446037	2021	design;re-use
10.1145/3406522.3446037	2021	design;share
10.1145/3406522.3446037	2021	infrastructure
10.1145/3406522.3446057	2021	design;method;controlled experiment
10.1145/3406522.3446057	2021	completed
10.1145/3406522.3446057	2021	design;type;descriptive
10.1145/3406522.3446057	2021	Vivien
10.1145/3406522.3446057	2021	data;create
10.1145/3406522.3446057	2021	data;re-use;user data from previous study
10.1145/3406522.3446035	2021	completed
10.1145/3406522.3446035	2021	design;method;questionnaire
10.1145/3406522.3446035	2021	design;type;exploratory
10.1145/3406522.3446035	2021	design;method;user study
10.1145/3406522.3446035	2021	Vivien
10.1145/3406522.3446035	2021	design;method;statistical tests
10.1145/3406522.3446035	2021	domain;e-commerce
10.1145/3406522.3446035	2021	design;participants;139
10.1145/3406522.3446035	2021	design;share;https://git.gesis.org/papenmaa/chiir21_naturallanguageinterfaces
10.1145/3406522.3446035	2021	infrastructure;SoSci Survey
10.1145/3406522.3446034	2021	design;method;controlled experiment
10.1145/3406522.3446034	2021	completed
10.1145/3406522.3446034	2021	design;type;explanatory
10.1145/3406522.3446034	2021	Vivien
10.1145/3406522.3446034	2021	data;re-use;20-newsgroup dataset
10.1145/3406522.3446034	2021	design;method;evaluation
10.1145/3406522.3446034	2021	design;type;predictive
10.1145/3406522.3446033	2021	design;participants;demographics;age
10.1145/3406522.3446033	2021	completed
10.1145/3406522.3446033	2021	design;method;interview
10.1145/3406522.3446033	2021	data;re-use
10.1145/3406522.3446033	2021	design;type;explanatory
10.1145/3406522.3446033	2021	maria
10.1145/3406522.3446033	2021	design;participants;background
10.1145/3406522.3446033	2021	domain:music
10.1145/3406522.3446015	2021	completed
10.1145/3406522.3446015	2021	Vivien
10.1145/3406522.3446015	2021	design;type;theoretical
10.1145/3406522.3446015	2021	domain;search-as-learning
10.1145/3406522.3446015	2021	design;method;literature review
10.1145/3406522.3446025	2021	design;method;controlled experiment
10.1145/3406522.3446025	2021	completed
10.1145/3406522.3446025	2021	design;type;explanatory
10.1145/3406522.3446025	2021	design;method;log analysis
10.1145/3406522.3446025	2021	domain;education
10.1145/3406522.3446025	2021	Vivien
10.1145/3406522.3446025	2021	design;task
10.1145/3406522.3446025	2021	design;participants;crowdsourcing
10.1145/3406522.3446025	2021	domain;learning
10.1145/3406522.3446025	2021	design;participants;115
10.1145/3406522.3446025	2021	infrastructure;re-use;SearchX
10.1145/3406522.3446025	2021	design;share;https://github.com/roynirmal/searchx-front-highlighting and https://github.com/roynirmal/searchx-back-highlighting.
10.1145/3406522.3446025	2021	infrastructure;share;https://github.com/roynirmal/searchx-front-highlighting and https://github.com/roynirmal/searchx-back-highlighting.
10.1145/3406522.3446029	2021	design;method;controlled experiment
10.1145/3406522.3446029	2021	completed
10.1145/3406522.3446029	2021	design;method;interview
10.1145/3406522.3446029	2021	design;method;questionnaire
10.1145/3406522.3446029	2021	design;type;descriptive
10.1145/3406522.3446029	2021	design;method;user study
10.1145/3406522.3446029	2021	Vivien
10.1145/3406522.3446029	2021	design;method;statistical tests
10.1145/3406522.3446029	2021	design;task
10.1145/3406522.3446029	2021	design;participants;32
10.1145/3406522.3446029	2021	infrastructure;OrgBox
10.1145/3406522.3446029	2021	design;share;task in paper
10.1145/3406522.3446029	2021	data;re-use;TREC Washington Post Corpus
10.1145/3406522.3446029	2021	design;share;questionnaire
10.1145/3406522.3446029	2021	https://ils.unc.edu/~jarguell/chiir2021/
10.1145/3406522.3446012	2021	design;method;controlled experiment
10.1145/3406522.3446012	2021	completed
10.1145/3406522.3446012	2021	design;type;descriptive
10.1145/3406522.3446012	2021	Vivien
10.1145/3406522.3446012	2021	design;participants;crowdsourcing
10.1145/3406522.3446012	2021	infrastructure;Prolific
10.1145/3406522.3446012	2021	data;re-use;TREC CAR 2017 dataset
10.1145/3406522.3446012	2021	design;participants;126
10.1145/3406522.3446012	2021	design;re-use;Vocabulary Knowledge Scale (VKS)
10.1145/3406522.3446012	2021	infrastructure;SearchX framework
10.1145/3406522.3446032	2021	completed
10.1145/3406522.3446032	2021	domain;books
10.1145/3406522.3446032	2021	Vivien
10.1145/3406522.3446032	2021	design;type;theoretical
10.1145/3406522.3446032	2021	design;literature review
10.1145/3406522.3446022	2021	completed
10.1145/3406522.3446022	2021	design;method;interview
10.1145/3406522.3446022	2021	design;method;diary study
10.1145/3406522.3446022	2021	design;type;exploratory
10.1145/3406522.3446022	2021	mark
10.1145/3406522.3446019	2021	completed
10.1145/3406522.3446019	2021	domain;news
10.1145/3406522.3446019	2021	toine
10.1145/3406522.3446019	2021	design;re-use
10.1145/3406522.3446019	2021	infrastructure;share
10.1145/3406522.3446019	2021	design;type;theoretical
10.1145/3406522.3446017	2021	completed
10.1145/3406522.3446017	2021	design;method;interview
10.1145/3406522.3446017	2021	design;method;questionnaire
10.1145/3406522.3446017	2021	data;re-use
10.1145/3406522.3446017	2021	toine
10.1145/3406522.3446017	2021	domain;health
10.1145/3406522.3446017	2021	design;re-use
10.1145/3406522.3446017	2021	design;method;user study
10.1145/3406522.3446056	2021	award-winning
10.1145/3406522.3446056	2021	completed
10.1145/3406522.3446056	2021	domain;data
10.1145/3406522.3446056	2021	Vivien
10.1145/3406522.3446056	2021	design;type;theoretical
10.1145/3406522.3446013	2021	design;method;controlled experiment
10.1145/3406522.3446013	2021	completed
10.1145/3406522.3446013	2021	design;method;eye-tracking
10.1145/3406522.3446013	2021	design;type;descriptive
10.1145/3406522.3446013	2021	Vivien
10.1145/3406522.3446013	2021	design;method;statistical tests
10.1145/3406522.3446013	2021	data;video
10.1145/3406522.3446013	2021	design;participants;233
10.1145/3406522.3446024	2021	completed
10.1145/3406522.3446024	2021	design;method;questionnaire
10.1145/3406522.3446024	2021	design;re-use
10.1145/3406522.3446024	2021	data;share
10.1145/3406522.3446024	2021	infrastructure;re-use
10.1145/3406522.3446024	2021	design;type;exploratory
10.1145/3406522.3446024	2021	design;method;user study
10.1145/3406522.3446024	2021	mark
10.1145/3406522.3446030	2021	design;method;controlled experiment
10.1145/3406522.3446030	2021	completed
10.1145/3406522.3446030	2021	design;method;questionnaire
10.1145/3406522.3446030	2021	design;type;explanatory
10.1145/3406522.3446030	2021	toine
10.1145/3406522.3446030	2021	design;method;log analysis
10.1145/3406522.3446030	2021	design;re-use
10.1145/3406522.3446030	2021	design;method;content analysis
10.1145/3406522.3446030	2021	design;share
10.1145/3406522.3446030	2021	domain;WWW
10.1145/3406522.3446030	2021	infrastructure;software;Bing Web Search API
10.1145/3406522.3446027	2021	completed
10.1145/3406522.3446027	2021	design;method;content analysis
10.1145/3406522.3446027	2021	design;type;descriptive
10.1145/3406522.3446027	2021	Vivien
10.1145/3406522.3446027	2021	data;re-use;MS MARCO
10.1145/3406522.3446027	2021	data;re-use;previous taxonomies
10.1145/3406522.3446027	2021	data;share,in paper
10.1145/3406522.3446027	2021	design;nice documentation
10.1145/3406522.3446028	2021	completed
10.1145/3406522.3446028	2021	design;method;questionnaire
10.1145/3406522.3446028	2021	toine
10.1145/3406522.3446028	2021	design;re-use
10.1145/3406522.3446028	2021	design;method;content analysis
10.1145/3406522.3446028	2021	data;share
10.1145/3406522.3446028	2021	design;type;descriptive
10.1145/3406522.3446028	2021	design;method;user study
10.1145/3406522.3446028	2021	design;method;crowdsourcing
10.1145/3406522.3446028	2021	domain;question answering
10.1145/3406522.3446028	2021	infrastructure;software;Google
10.1145/3406522.3446014	2021	completed
10.1145/3406522.3446014	2021	design;method;questionnaire
10.1145/3406522.3446014	2021	design;method;log analysis
10.1145/3406522.3446014	2021	design;type;descriptive
10.1145/3406522.3446014	2021	Vivien
10.1145/3406522.3446014	2021	design;method;statistical tests
10.1145/3406522.3446014	2021	design;method;observation
10.1145/3406522.3446014	2021	domain;e-commerce
10.1145/3406522.3446014	2021	design;participants;questionnaire;127
10.1145/3406522.3446014	2021	design;participants;observation;68
10.1145/3406522.3446014	2021	data;share;https://github.com/blueCat11/chiir- 2021/tree/main/boosts
10.1145/3406522.3446014	2021	design;share;https://github.com/blueCat11/chiir2021/tree/main/questionnaires
10.1145/3406522.3446014	2021	infrastructure;Prolific
10.1145/3406522.3446014	2021	design;re-use;Internet Users’ Information Privacy Concerns questionnaire (IUIPC)
10.1145/3406522.3446014	2021	design;re-use;Online Privacy Literacy Scale (OPLIS)
10.1145/3406522.3446014	2021	data;share;https://github.com/blueCat11/chiir-2021/tree/main/extension
10.1145/3406522.3446011	2021	completed
10.1145/3406522.3446011	2021	design;method;questionnaire
10.1145/3406522.3446011	2021	data;re-use
10.1145/3406522.3446011	2021	toine
10.1145/3406522.3446011	2021	data;share
10.1145/3406522.3446011	2021	infrastructure;re-use
10.1145/3406522.3446011	2021	infrastructure;share
10.1145/3406522.3446011	2021	domain;privacy
10.1145/3406522.3446011	2021	domain;WWW
10.1145/3406522.3446011	2021	design;method;crowdsourcing
10.1145/3406522.3446011	2021	design;type;predictive
10.1145/3406522.3446011	2021	data;re-use;Google Trends
10.1145/3406522.3446011	2021	infrastructure;software;EvTrack
10.1145/3406522.3446011	2021	design;method;mouse-tracking
10.1145/3406522.3446011	2021	infrastructure;software;FigureEight
10.1145/3406522.3446031	2021	completed
10.1145/3406522.3446031	2021	design;method;content analysis
10.1145/3406522.3446031	2021	Vivien
10.1145/3406522.3446031	2021	design;type;theoretical
10.1145/3406522.3446031	2021	domain;domain-agnostic
10.1145/3406522.3446031	2021	data;re-use;RepAST
10.1145/3406522.3446023	2021	completed
10.1145/3406522.3446023	2021	design;method;content analysis
10.1145/3406522.3446023	2021	Vivien
10.1145/3406522.3446023	2021	design;type;theoretical
10.1145/3406522.3446018	2021	design;participants;demographics;gender
10.1145/3406522.3446018	2021	completed
10.1145/3406522.3446018	2021	design;method;questionnaire
10.1145/3406522.3446018	2021	design;re-use
10.1145/3406522.3446018	2021	design;type;exploratory
10.1145/3406522.3446018	2021	design;method;user study
10.1145/3406522.3446018	2021	mark
10.1145/3406522.3446018	2021	design;participants;background
10.1145/3406522.3446018	2021	design;participants;demographics;language
10.1145/3406522.3446018	2021	domain;unknown
10.1145/3406522.3446021	2021	design;method;controlled experiment
10.1145/3406522.3446021	2021	completed
10.1145/3406522.3446021	2021	design;method;content analysis
10.1145/3406522.3446021	2021	Vivien
10.1145/3406522.3446021	2021	domain;movies
10.1145/3406522.3446021	2021	data;1000 information requests
10.1145/3406522.3446021	2021	data;re-use;WikiPlot
10.1145/3406522.3446021	2021	infrastructure;re-use;Indri
10.1145/3343413.3377985	2020	completed
10.1145/3343413.3377985	2020	design;method;log analysis
10.1145/3343413.3377985	2020	Vivien
10.1145/3343413.3377985	2020	design;task
10.1145/3343413.3377985	2020	design;type;resource paper
10.1145/3343413.3377985	2020	infrastructure;share;https://github.com/aliannejadi/Omicron
10.1145/3343413.3377985	2020	infrastructure;share;Omicron
10.1145/3343413.3377984	2020	completed
10.1145/3343413.3377984	2020	Vivien
10.1145/3343413.3377984	2020	design;type;theoretical
10.1145/3343413.3377984	2020	domain;research
10.1145/3343413.3377984	2020	data;share;https://github.com/biirrr/usef
10.1145/3343413.3377984	2020	design;share;https://github.com/biirrr/usef
10.1145/3343413.3377984	2020	type - what?
10.1145/3343413.3377941	2020	completed
10.1145/3343413.3377941	2020	design;method;log analysis
10.1145/3343413.3377941	2020	design;method;woz
10.1145/3343413.3377941	2020	design;type;resource paper
10.1145/3343413.3377941	2020	domain;conversational agents
10.1145/3343413.3377941	2020	domain;WWW
10.1145/3343413.3377941	2020	infrastructure;share;planned
10.1145/3343413.3377941	2020	infrastructure;software;Apache
10.1145/3343413.3377941	2020	infrastructure;software;Bing Web Search API
10.1145/3343413.3377941	2020	infrastructure;software;Django
10.1145/3343413.3377941	2020	infrastructure;software;MySQL
10.1145/3343413.3377941	2020	infrastructure;software;Slack
10.1145/3343413.3377941	2020	toine
10.1145/3343413.3378012	2020	design;method;controlled experiment
10.1145/3343413.3378012	2020	completed
10.1145/3343413.3378012	2020	toine
10.1145/3343413.3378012	2020	design;re-use
10.1145/3343413.3378012	2020	design;type;descriptive
10.1145/3343413.3378012	2020	infrastructure;re-use
10.1145/3343413.3378012	2020	design;method;user study
10.1145/3343413.3378012	2020	domain;WWW
10.1145/3343413.3378012	2020	domain;search-as-learning
10.1145/3343413.3378012	2020	infrastructure;software;Bing Web Search API
10.1145/3343413.3378012	2020	infrastructure;software;SearchX
10.1145/3343413.3378012	2020	design;re-use;Vocabulary Knowledge Scale
10.1145/3343413.3378012	2020	infrastructure;software;Prolific
10.1145/3343413.3378011	2020	design;method;controlled experiment
10.1145/3343413.3378011	2020	completed
10.1145/3343413.3378011	2020	design;method;questionnaire
10.1145/3343413.3378011	2020	domain;books
10.1145/3343413.3378011	2020	Vivien
10.1145/3343413.3378011	2020	design;participants;crowdsourcing
10.1145/3343413.3378011	2020	design;participants;33
10.1145/3343413.3378011	2020	infrastructure;AIDA tool
10.1145/3343413.3378010	2020	completed
10.1145/3343413.3378010	2020	data;re-use
10.1145/3343413.3378010	2020	toine
10.1145/3343413.3378010	2020	design;method;eye-tracking
10.1145/3343413.3378010	2020	infrastructure;re-use
10.1145/3343413.3378010	2020	domain;digital library
10.1145/3343413.3378010	2020	design;type;predictive
10.1145/3343413.3378010	2020	infrastructure;hardware;SMI iView RED 250
10.1145/3343413.3378010	2020	infrastructure;software;Reading Protocol
10.1145/3343413.3378010	2020	data;re-use;TheSoz
10.1145/3343413.3378009	2020	completed
10.1145/3343413.3378009	2020	design;method;content analysis
10.1145/3343413.3378009	2020	design;method;controlled experiment
10.1145/3343413.3378009	2020	design;re-use
10.1145/3343413.3378009	2020	design;type;explanatory
10.1145/3343413.3378009	2020	domain;conversational agents
10.1145/3343413.3378009	2020	toine
10.1145/3343413.3378007	2020	completed
10.1145/3343413.3378007	2020	design;method;questionnaire
10.1145/3343413.3378007	2020	toine
10.1145/3343413.3378007	2020	design;method;eye-tracking
10.1145/3343413.3378007	2020	design;method;user study
10.1145/3343413.3378007	2020	domain;mobile search
10.1145/3343413.3378007	2020	infrastructure;hardware;Tobii Pro X3-120
10.1145/3343413.3378014	2020	completed
10.1145/3343413.3378014	2020	design;method;interview
10.1145/3343413.3378014	2020	design;type;descriptive
10.1145/3343413.3378014	2020	design;method;user study
10.1145/3343413.3378014	2020	Vivien
10.1145/3343413.3378014	2020	design;participants;9
10.1145/3343413.3378014	2020	domain;legal
10.1145/3343413.3378004	2020	design;method;controlled experiment
10.1145/3343413.3378004	2020	completed
10.1145/3343413.3378004	2020	Vivien
10.1145/3343413.3378004	2020	data;re-use;AZM5
10.1145/3343413.3378004	2020	data;re-use;M1IM
10.1145/3343413.3378004	2020	data;re-use;STMV1
10.1145/3343413.3378004	2020	data;share;supplemental materials
10.1145/3343413.3378004	2020	deisgn;method;simulation
10.1145/3343413.3378004	2020	design;method;offline evaluation
10.1145/3343413.3378004	2020	domain;recommender systems
10.1145/3343413.3378003	2020	completed
10.1145/3343413.3378003	2020	design;type;exploratory
10.1145/3343413.3378003	2020	Vivien
10.1145/3343413.3378003	2020	design;type;theoretical
10.1145/3343413.3378003	2020	design;method;observation
10.1145/3343413.3378003	2020	design;reflections on previous studies
10.1145/3343413.3378003	2020	domain;disabilities
10.1145/3343413.3378003	2020	infrastructure;YouTube
10.1145/3343413.3377999	2020	design;method;controlled experiment
10.1145/3343413.3377999	2020	design;participants;number
10.1145/3343413.3377999	2020	completed
10.1145/3343413.3377999	2020	domain;children
10.1145/3343413.3377999	2020	design;type;exploratory
10.1145/3343413.3377999	2020	domain;books
10.1145/3343413.3377999	2020	maria
10.1145/3343413.3377999	2020	design;participants;age;children
10.1145/3343413.3377998	2020	design;method;controlled experiment
10.1145/3343413.3377998	2020	completed
10.1145/3343413.3377998	2020	design;method;questionnaire
10.1145/3343413.3377998	2020	design;method;log analysis
10.1145/3343413.3377998	2020	design;type;exploratory
10.1145/3343413.3377998	2020	Vivien
10.1145/3343413.3377998	2020	domain;conversational agents
10.1145/3343413.3377998	2020	data;re-use;Maluuba ‘Frames’ data set
10.1145/3343413.3377998	2020	data;share;https://github.com/mickeyvz/interface_chatbot_evaluation
10.1145/3343413.3377998	2020	design;participants;27
10.1145/3343413.3377998	2020	infrastructure;screen capture;hotjar
10.1145/3343413.3377998	2020	infrastructure;share;interfaces;https://github.com/mickeyvz/interface_chatbot_evaluation
10.1145/3343413.3377997	2020	completed
10.1145/3343413.3377997	2020	design;method;interview
10.1145/3343413.3377997	2020	domain;health
10.1145/3343413.3377997	2020	design;method;eye-tracking
10.1145/3343413.3377997	2020	design;type;exploratory
10.1145/3343413.3377997	2020	domain;older people
10.1145/3343413.3377997	2020	Vivien
10.1145/3343413.3377997	2020	design;method;observation
10.1145/3343413.3377997	2020	design;task
10.1145/3343413.3377997	2020	design;participants;4
10.1145/3343413.3377997	2020	design;re-use;scale;eHEALS
10.1145/3343413.3377997	2020	infrastructure;eyetracking;iMotion
10.1145/3343413.3378005	2020	design;participants;number
10.1145/3343413.3378005	2020	design;participants;demographics;gender
10.1145/3343413.3378005	2020	completed
10.1145/3343413.3378005	2020	design;method;user study
10.1145/3343413.3378005	2020	maria
10.1145/3343413.3378005	2020	design;method;think-aloud
10.1145/3343413.3378005	2020	domain;health;dyslexia
10.1145/3343413.3378005	2020	domain;disabilities;dyslexia
10.1145/3343413.3377995	2020	completed
10.1145/3343413.3377995	2020	toine
10.1145/3343413.3377995	2020	design;method;log analysis
10.1145/3343413.3377995	2020	infrastructure;re-use
10.1145/3343413.3377995	2020	design;method;user study
10.1145/3343413.3377995	2020	design;method;crowdsourcing
10.1145/3343413.3377995	2020	design;type;predictive
10.1145/3343413.3377995	2020	data;re-use;NY Times corpus
10.1145/3343413.3377995	2020	data;re-use;TREC Washington Post corpus
10.1145/3343413.3377995	2020	infrastructure;re-use;Lemur RankLib
10.1145/3343413.3377994	2020	completed
10.1145/3343413.3377994	2020	design;method;questionnaire
10.1145/3343413.3377994	2020	toine
10.1145/3343413.3377994	2020	design;re-use
10.1145/3343413.3377994	2020	design;method;content analysis
10.1145/3343413.3377994	2020	data;share
10.1145/3343413.3377994	2020	design;type;exploratory
10.1145/3343413.3377994	2020	design;method;user study
10.1145/3343413.3377994	2020	domain;3D objects
10.1145/3343413.3377994	2020	infrastructure;software;Sketch
10.1145/3343413.3377994	2020	design;method;think-aloud
10.1145/3343413.3377994	2020	design;re-use;Visual Product Representation Questionnaire
10.1145/3343413.3377993	2020	completed
10.1145/3343413.3377993	2020	Vivien
10.1145/3343413.3377993	2020	domain;smart assistants
10.1145/3343413.3377993	2020	data;re-use;previous user studies
10.1145/3343413.3377993	2020	design;participants;13
10.1145/3343413.3377993	2020	data;smart assistant utterances
10.1145/3343413.3377993	2020	design;re-use;scale;Fiske dimensions of warmth and competence
10.1145/3343413.3377988	2020	completed
10.1145/3343413.3377988	2020	Vivien
10.1145/3343413.3377988	2020	data;re-use;TREC Real-Time Summarization 2016-2018
10.1145/3343413.3377988	2020	desgin;method;data analysis
10.1145/3343413.3377988	2020	design;type;reproducibility
10.1145/3343413.3377988	2020	domain;real-time summarization
10.1145/3343413.3377983	2020	completed
10.1145/3343413.3377983	2020	domain;creativity
10.1145/3343413.3377983	2020	Vivien
10.1145/3343413.3377983	2020	design;type;theoretical
10.1145/3343413.3377983	2020	design;method;literature review
10.1145/3343413.3377966	2020	design;method;controlled experiment
10.1145/3343413.3377966	2020	completed
10.1145/3343413.3377966	2020	design;type;explanatory
10.1145/3343413.3377966	2020	domain;health
10.1145/3343413.3377966	2020	design;method;eye-tracking
10.1145/3343413.3377966	2020	design;method;user study
10.1145/3343413.3377966	2020	Vivien
10.1145/3343413.3377966	2020	design;method;statistical tests
10.1145/3343413.3377966	2020	design;task
10.1145/3343413.3377966	2020	design;share;task in paper
10.1145/3343413.3377966	2020	design;participants;30
10.1145/3343413.3377966	2020	design;re-use;test;Medical Term Recognition Test (METER)
10.1145/3343413.3377966	2020	design;re-use;test;Newest Vital Sign (NVS)
10.1145/3343413.3377961	2020	completed
10.1145/3343413.3377961	2020	design;method;questionnaire
10.1145/3343413.3377961	2020	data;re-use
10.1145/3343413.3377961	2020	toine
10.1145/3343413.3377961	2020	domain;health
10.1145/3343413.3377961	2020	design;re-use
10.1145/3343413.3377961	2020	design;method;content analysis
10.1145/3343413.3377961	2020	design;method;eye-tracking
10.1145/3343413.3377961	2020	data;share
10.1145/3343413.3377961	2020	infrastructure;re-use
10.1145/3343413.3377961	2020	design;share
10.1145/3343413.3377961	2020	design;type;exploratory
10.1145/3343413.3377961	2020	design;method;user study
10.1145/3343413.3377961	2020	design;method;observation
10.1145/3343413.3377961	2020	infrastructure;hardware;Tobii Pro X3-120
10.1145/3343413.3377961	2020	design;method;think-aloud
10.1145/3343413.3377961	2020	infrastructure;software;Tobii Pro Studio
10.1145/3343413.3377961	2020	infrastructure;software;NVivo 12
10.1145/3343413.3377954	2020	design;method;controlled experiment
10.1145/3343413.3377954	2020	completed
10.1145/3343413.3377954	2020	design;method;questionnaire
10.1145/3343413.3377954	2020	design;type;explanatory
10.1145/3343413.3377954	2020	toine
10.1145/3343413.3377954	2020	design;re-use
10.1145/3343413.3377954	2020	domain;multilinguality
10.1145/3343413.3377954	2020	design;re-use;Geneva Appraisal Questionnaire
10.1145/3343413.3377954	2020	design;re-use;Plutchik's wheel of emotions
10.1145/3343413.3377956	2020	design;method;controlled experiment
10.1145/3343413.3377956	2020	completed
10.1145/3343413.3377956	2020	design;method;questionnaire
10.1145/3343413.3377956	2020	design;method;log analysis
10.1145/3343413.3377956	2020	Vivien
10.1145/3343413.3377956	2020	design;task
10.1145/3343413.3377956	2020	domain;e-commerce
10.1145/3343413.3377956	2020	design;participants;crowdsourcing
10.1145/3343413.3377956	2020	design;participants;420
10.1145/3343413.3377956	2020	design;share;questionnaire in paper
10.1145/3343413.3377956	2020	infrastructure;crowdsourcing;Figure Eight
10.1145/3343413.3377956	2020	infrastructure;large eCommerce engine
10.1145/3343413.3377955	2020	completed
10.1145/3343413.3377955	2020	design;method;content analysis
10.1145/3343413.3377955	2020	Vivien
10.1145/3343413.3377955	2020	design;type;theoretical
10.1145/3343413.3377955	2020	design;literature review
10.1145/3343413.3377959	2020	completed
10.1145/3343413.3377959	2020	design;type;explanatory
10.1145/3343413.3377959	2020	design;method;log analysis
10.1145/3343413.3377959	2020	Vivien
10.1145/3343413.3377959	2020	design;method;statistical tests
10.1145/3343413.3377959	2020	design;participants;crowdsourcing
10.1145/3343413.3377959	2020	type - what?
10.1145/3343413.3377959	2020	data;915 queries
10.1145/3343413.3377959	2020	data;share;https://github.com/ireval/cwl
10.1145/3343413.3377959	2020	domain;evaluation
10.1145/3343413.3377959	2020	type:propose and test new metric
10.1145/3343413.3377964	2020	completed
10.1145/3343413.3377964	2020	design;type;descriptive
10.1145/3343413.3377964	2020	Vivien
10.1145/3343413.3377964	2020	design;participants;crowdsourcing
10.1145/3343413.3377964	2020	design;type;predictive
10.1145/3343413.3377964	2020	domain;recommender systems
10.1145/3343413.3377964	2020	data;re-use;but newly extracted
10.1145/3343413.3377964	2020	data;re-use;Foodista.com
10.1145/3343413.3377964	2020	domain;food
10.1145/3343413.3377964	2020	domain;smart assistants
10.1145/3343413.3377964	2020	infrastructure;re-use;;AskChef cooking application
10.1145/3343413.3377976	2020	completed
10.1145/3343413.3377976	2020	design;method;log analysis
10.1145/3343413.3377976	2020	design;type;descriptive
10.1145/3343413.3377976	2020	Vivien
10.1145/3343413.3377976	2020	design;type;theoretical
10.1145/3343413.3377976	2020	data;re-use;132 search sessions analyzed
10.1145/3343413.3377976	2020	data;re-use;previous user studies
10.1145/3343413.3377976	2020	design;method;data analysis
10.1145/3343413.3377976	2020	design;re-use;controlled experiment
10.1145/3343413.3377976	2020	domain;complex search
10.1145/3343413.3377969	2020	completed
10.1145/3343413.3377969	2020	design;method;interview
10.1145/3343413.3377969	2020	design;method;content analysis
10.1145/3343413.3377969	2020	design;type;descriptive
10.1145/3343413.3377969	2020	Vivien
10.1145/3343413.3377969	2020	design;method;observation
10.1145/3343413.3377969	2020	design;participants;4
10.1145/3343413.3377969	2020	design;re-use;http://nemo.dcu.gr/index.php?p=navigate#
10.1145/3343413.3377969	2020	design;re-use;Taxonomy of Learning Objectives
10.1145/3343413.3377969	2020	design;share;https://doi.org/10.5281/zenodo.3626814
10.1145/3343413.3377969	2020	domain;research
10.1145/3343413.3377975	2020	completed
10.1145/3343413.3377975	2020	design;method;interview
10.1145/3343413.3377975	2020	design;type;exploratory
10.1145/3343413.3377975	2020	Vivien
10.1145/3343413.3377975	2020	design;participants;18
10.1145/3343413.3377970	2020	completed
10.1145/3343413.3377970	2020	design;method;questionnaire
10.1145/3343413.3377970	2020	toine
10.1145/3343413.3377970	2020	design;re-use
10.1145/3343413.3377970	2020	design;method;content analysis
10.1145/3343413.3377970	2020	design;type;descriptive
10.1145/3343413.3377970	2020	infrastructure;software;Amazon Mechanical Turk
10.1145/3343413.3377970	2020	infrastructure;software;Qualtrics
10.1145/3343413.3377970	2020	design;method;critical indicident technique
10.1145/3343413.3377977	2020	design;method;controlled experiment
10.1145/3343413.3377977	2020	completed
10.1145/3343413.3377977	2020	toine
10.1145/3343413.3377977	2020	design;method;log analysis
10.1145/3343413.3377977	2020	infrastructure;re-use
10.1145/3343413.3377977	2020	design;type;exploratory
10.1145/3343413.3377977	2020	domain;personal documents
10.1145/3343413.3377981	2020	completed
10.1145/3343413.3377981	2020	Vivien
10.1145/3343413.3377981	2020	design;type;theoretical
10.1145/3343413.3377981	2020	design;method;literature review
10.1145/3343413.3377981	2020	domain;trust
10.1145/3343413.3377958	2020	design;method;controlled experiment
10.1145/3343413.3377958	2020	completed
10.1145/3343413.3377958	2020	domain;health
10.1145/3343413.3377958	2020	design;method;content analysis
10.1145/3343413.3377958	2020	design;type;descriptive
10.1145/3343413.3377958	2020	domain;privacy
10.1145/3343413.3377958	2020	design;method;user study
10.1145/3343413.3377958	2020	Vivien
10.1145/3343413.3377958	2020	design;method;statistical tests
10.1145/3343413.3377958	2020	design;task
10.1145/3343413.3377958	2020	design;participants;90
10.1145/3343413.3377958	2020	design;re-use;search tasks
10.1145/3343413.3377958	2020	data;re-use;code;https://github.com/stevenzim/chiir-2019.
10.1145/3343413.3377958	2020	data;share;https://www.hrbdt.ac.uk/wp-content/uploads/2015/12/README.pdf
10.1145/3343413.3377958	2020	data;WhoTracks.me
10.1145/3343413.3377973	2020	completed
10.1145/3343413.3377973	2020	design;method;interview
10.1145/3343413.3377973	2020	design;type;descriptive
10.1145/3343413.3377973	2020	design;method;diary study
10.1145/3343413.3377973	2020	design;type;exploratory
10.1145/3343413.3377973	2020	domain;creativity
10.1145/3343413.3377973	2020	Vivien
10.1145/3343413.3377973	2020	data;share;https: //ils.unc.edu/searchstructures/resources/chiir2020_creative.pdf
10.1145/3343413.3377973	2020	design;participants;11
10.1145/3343413.3377973	2020	infrastructure;Dedoose
10.1145/3343413.3377953	2020	completed
10.1145/3343413.3377953	2020	design;method;interview
10.1145/3343413.3377953	2020	design;type;descriptive
10.1145/3343413.3377953	2020	Vivien
10.1145/3343413.3377953	2020	domain;disabilities
10.1145/3343413.3377953	2020	design;participants;25
10.1145/3343413.3377962	2020	design;method;controlled experiment
10.1145/3343413.3377962	2020	completed
10.1145/3343413.3377962	2020	design;method;interview
10.1145/3343413.3377962	2020	design;method;questionnaire
10.1145/3343413.3377962	2020	toine
10.1145/3343413.3377962	2020	design;re-use
10.1145/3343413.3377962	2020	design;method;eye-tracking
10.1145/3343413.3377962	2020	design;type;descriptive
10.1145/3343413.3377962	2020	design;share
10.1145/3343413.3377962	2020	design;method;user study
10.1145/3343413.3377962	2020	infrastructure
10.1145/3343413.3377962	2020	domain;conversational agents
10.1145/3343413.3377962	2020	design;method;observation
10.1145/3343413.3377978	2020	completed
10.1145/3343413.3377978	2020	design;method;questionnaire
10.1145/3343413.3377978	2020	toine
10.1145/3343413.3377978	2020	design;re-use
10.1145/3343413.3377978	2020	design;type;descriptive
10.1145/3343413.3377978	2020	design;method;woz
10.1145/3343413.3377978	2020	design;method;user study
10.1145/3343413.3377978	2020	infrastructure;software;Amazon Mechanical Turk
10.1145/3343413.3377978	2020	infrastructure;software;SurveyMonkey
10.1145/3343413.3377978	2020	infrastructure;software;Kialo
10.1145/3343413.3377971	2020	completed
10.1145/3343413.3377971	2020	design;method;questionnaire
10.1145/3343413.3377971	2020	design;type;descriptive
10.1145/3343413.3377971	2020	Vivien
10.1145/3343413.3377971	2020	design;method;statistical tests
10.1145/3343413.3377971	2020	domain;conversational agents
10.1145/3343413.3377971	2020	design;participants;crowdsourcing
10.1145/3343413.3377971	2020	data;re-use;SQuAD2.0
10.1145/3343413.3377971	2020	design;participants;23
10.1145/3343413.3377971	2020	infrastructure;BERT
10.1145/3343413.3377971	2020	infrastructure;mturk
10.1145/3343413.3377963	2020	design;method;controlled experiment
10.1145/3343413.3377963	2020	completed
10.1145/3343413.3377963	2020	data;re-use
10.1145/3343413.3377963	2020	design;type;explanatory
10.1145/3343413.3377963	2020	toine
10.1145/3343413.3377963	2020	infrastructure;re-use
10.1145/3343413.3377963	2020	design;method;crowdsourcing
10.1145/3343413.3377963	2020	domain;audio
10.1145/3343413.3377963	2020	data;re-use;VimSketch
10.1145/3343413.3377963	2020	infrastructure;software;Express.js
10.1145/3343413.3377963	2020	infrastructure;software;Solr
10.1145/3343413.3377963	2020	infrastructure;software;recorder.js
10.1145/3343413.3377963	2020	infrastructure;re-use;TL-IMINET
10.1145/3343413.3377963	2020	data;re-use;FreeSound.org
10.1145/3343413.3377963	2020	infrastructure;software;CloudResearch.com
10.1145/3295750.3298917	2019	completed
10.1145/3295750.3298917	2019	toine
10.1145/3295750.3298917	2019	design;re-use
10.1145/3295750.3298917	2019	infrastructure;re-use
10.1145/3295750.3298917	2019	infrastructure;share
10.1145/3295750.3298917	2019	domain;WWW
10.1145/3295750.3298917	2019	design;type;resource paper
10.1145/3295750.3298917	2019	infrastructure;share;Coagmento
10.1145/3295750.3298917	2019	infrastructure;software;formBuilder.js
10.1145/3295750.3298917	2019	infrastructure;software;Laravel
10.1145/3295750.3298917	2019	infrastructure;software;MySQL
10.1145/3295750.3298947	2019	completed
10.1145/3295750.3298947	2019	design;method;interview
10.1145/3295750.3298947	2019	toine
10.1145/3295750.3298947	2019	design;method;content analysis
10.1145/3295750.3298947	2019	design;type;descriptive
10.1145/3295750.3298947	2019	design;method;user study
10.1145/3295750.3298947	2019	domain;photos
10.1145/3295750.3298947	2019	infrastructure;software;Pare Down
10.1145/3295750.3298947	2019	infrastructure;software;iOS Photos
10.1145/3295750.3298934	2019	design;participants;number
10.1145/3295750.3298934	2019	design;participants;demographics;age
10.1145/3295750.3298934	2019	design;participants;demographics;gender
10.1145/3295750.3298934	2019	completed
10.1145/3295750.3298934	2019	design;type;descriptive
10.1145/3295750.3298934	2019	design;type;exploratory
10.1145/3295750.3298934	2019	mark
10.1145/3295750.3298934	2019	design;method;survey
10.1145/3295750.3298934	2019	design;participants;demographics;employment
10.1145/3176349.3176869	2018	completed
10.1145/3176349.3176869	2018	design;method;interview
10.1145/3176349.3176869	2018	design;re-use
10.1145/3176349.3176869	2018	design;type;exploratory
10.1145/3176349.3176869	2018	maria
10.1145/3176349.3176869	2018	domain:social media
10.1145/3176349.3176869	2018	domain;politics
10.1145/3176349.3176869	2018	design;
10.1145/3176349.3176383	2018	design;method;controlled experiment
10.1145/3176349.3176383	2018	completed
10.1145/3176349.3176383	2018	design;method;questionnaire
10.1145/3176349.3176383	2018	data;re-use
10.1145/3176349.3176383	2018	design;type;explanatory
10.1145/3176349.3176383	2018	design;method;eye-tracking
10.1145/3176349.3176383	2018	maria
10.1145/3176349.3176383	2018	domain;multilinguality
10.1145/3176349.3176397	2018	completed
10.1145/3176349.3176397	2018	data;re-use
10.1145/3176349.3176397	2018	domain;education
10.1145/3176349.3176397	2018	design;type;exploratory
10.1145/3176349.3176397	2018	mark
10.1145/3176349.3176397	2018	design;method;crowdsourcing
10.1145/3176349.3176397	2018	design;method;longitudinal
10.1145/3176349.3176397	2018	infrastructure;crowdflower
10.1145/3176349.3176392	2018	completed
10.1145/3176349.3176392	2018	data;re-use
10.1145/3176349.3176392	2018	design;method;content analysis
10.1145/3176349.3176392	2018	design;method;questionnaire
10.1145/3176349.3176392	2018	design;re-use
10.1145/3176349.3176392	2018	design;type;descriptive
10.1145/3176349.3176392	2018	domain;Twitter
10.1145/3176349.3176392	2018	infrastructure;software;TellWut.com
10.1145/3176349.3176392	2018	toine
10.1145/3020165.3022149	2017	completed
10.1145/3020165.3022149	2017	design;type;exploratory
10.1145/3020165.3022149	2017	maria
10.1145/3020165.3022149	2017	design;method;content analysis;forum posts
10.1145/3020165.3022149	2017	domain;DIY
10.1145/3020165.3022149	2017	domain;games
10.1145/3020165.3022137	2017	design;method;controlled experiment
10.1145/3020165.3022137	2017	design;participants;number
10.1145/3020165.3022137	2017	design;participants;demographics;age
10.1145/3020165.3022137	2017	design;participants;demographics;gender
10.1145/3020165.3022137	2017	completed
10.1145/3020165.3022137	2017	design;method;user study
10.1145/3020165.3022137	2017	mark
10.1145/3020165.3022134	2017	design;participants;number
10.1145/3020165.3022134	2017	completed
10.1145/3020165.3022134	2017	design;type;explanatory
10.1145/3020165.3022134	2017	domain;health
10.1145/3020165.3022134	2017	design;re-use
10.1145/3020165.3022134	2017	design;method;eye-tracking
10.1145/3020165.3022134	2017	maria
10.1145/3020165.3022134	2017	design;method;observation
10.1145/3020165.3022134	2017	design;participants;background
